method,feature,node,n,rmse,mae
locf,temp_c,ALL,36185,2.14902,0.310314
locf,sal_ppt,ALL,36540,2.77199,0.838022
locf,odo_mgL,ALL,36190,0.891277,0.194643
locf,odo_pct,ALL,30154,6.28797,2.56446
locf,turbidity_fnu,ALL,26685,55.8846,1.69836
locf,temp_c,raw-data-platformL0_parameters,5274,0.0865738,0.0392273
locf,sal_ppt,raw-data-platformL0_parameters,5203,0.573617,0.226672
locf,odo_mgL,raw-data-platformL0_parameters,5204,0.144898,0.0617865
locf,odo_pct,raw-data-platformL0_parameters,5255,2.33164,1.03091
locf,turbidity_fnu,raw-data-platformL0_parameters,5286,52.5843,1.57455
locf,temp_c,raw-data-platformL1_parameters,7358,0.0243809,0.0131829
locf,sal_ppt,raw-data-platformL1_parameters,7293,0.0161437,0.0030207
locf,odo_mgL,raw-data-platformL1_parameters,7122,0.192125,0.115126
locf,odo_pct,raw-data-platformL1_parameters,4513,2.56627,1.6082
locf,turbidity_fnu,raw-data-platformL1_parameters,728,11.2894,1.13673
locf,temp_c,raw-data-platformL2_parameters,4314,0.16278,0.0582214
locf,sal_ppt,raw-data-platformL2_parameters,4774,1.51844,0.59483
locf,odo_mgL,raw-data-platformL2_parameters,4752,0.184578,0.0768758
locf,odo_pct,raw-data-platformL2_parameters,4806,2.96948,1.30597
locf,turbidity_fnu,raw-data-platformL2_parameters,4757,8.70541,0.753586
locf,temp_c,raw-data-platformL7_parameters,5236,0.0439062,0.0210453
locf,sal_ppt,raw-data-platformL7_parameters,5232,0.208737,0.0860189
locf,odo_mgL,raw-data-platformL7_parameters,5282,0.145625,0.0697289
locf,odo_pct,raw-data-platformL7_parameters,5149,1.98364,0.927503
locf,turbidity_fnu,raw-data-platformL7_parameters,5273,0.586206,0.222146
locf,temp_c,biscayne_bay,8724,4.37433,1.19561
locf,sal_ppt,biscayne_bay,8763,5.52587,2.91624
locf,odo_mgL,biscayne_bay,8584,1.80497,0.557804
locf,odo_pct,biscayne_bay,5248,14.0832,9.18682
locf,turbidity_fnu,biscayne_bay,5380,26.1459,3.76266
locf,temp_c,consolidated_crest5,5279,0.0510684,0.0251916
locf,sal_ppt,consolidated_crest5,5275,0.213726,0.109025
locf,odo_mgL,consolidated_crest5,5246,0.161183,0.0725999
locf,odo_pct,consolidated_crest5,5183,2.42397,1.03973
locf,turbidity_fnu,consolidated_crest5,5261,110.802,2.12332
linear_interp,temp_c,ALL,36185,1.74595,0.290135
linear_interp,sal_ppt,ALL,36540,2.44778,0.81229
linear_interp,odo_mgL,ALL,36190,0.658916,0.166405
linear_interp,odo_pct,ALL,30154,5.49938,2.36874
linear_interp,turbidity_fnu,ALL,26685,31.2064,1.49588
linear_interp,temp_c,raw-data-platformL0_parameters,5274,0.0588976,0.0333497
linear_interp,sal_ppt,raw-data-platformL0_parameters,5203,0.61781,0.207402
linear_interp,odo_mgL,raw-data-platformL0_parameters,5204,0.104025,0.0571715
linear_interp,odo_pct,raw-data-platformL0_parameters,5255,1.64538,0.919024
linear_interp,turbidity_fnu,raw-data-platformL0_parameters,5286,39.1976,1.51539
linear_interp,temp_c,raw-data-platformL1_parameters,7358,0.0112081,0.00543991
linear_interp,sal_ppt,raw-data-platformL1_parameters,7293,0.0110247,0.00222185
linear_interp,odo_mgL,raw-data-platformL1_parameters,7122,0.121266,0.0727665
linear_interp,odo_pct,raw-data-platformL1_parameters,4513,1.77193,1.09028
linear_interp,turbidity_fnu,raw-data-platformL1_parameters,728,7.3588,0.999337
linear_interp,temp_c,raw-data-platformL2_parameters,4314,0.0874367,0.0438928
linear_interp,sal_ppt,raw-data-platformL2_parameters,4774,1.05569,0.520654
linear_interp,odo_mgL,raw-data-platformL2_parameters,4752,0.124407,0.0670903
linear_interp,odo_pct,raw-data-platformL2_parameters,4806,2.01361,1.11086
linear_interp,turbidity_fnu,raw-data-platformL2_parameters,4757,8.57866,0.87538
linear_interp,temp_c,raw-data-platformL7_parameters,5236,0.0304668,0.0185334
linear_interp,sal_ppt,raw-data-platformL7_parameters,5232,0.16046,0.0737379
linear_interp,odo_mgL,raw-data-platformL7_parameters,5282,0.100387,0.0594806
linear_interp,odo_pct,raw-data-platformL7_parameters,5149,1.42712,0.839893
linear_interp,turbidity_fnu,raw-data-platformL7_parameters,5273,0.396942,0.196452
linear_interp,temp_c,biscayne_bay,8724,3.55481,1.13393
linear_interp,sal_ppt,biscayne_bay,8763,4.91147,2.87908
linear_interp,odo_mgL,biscayne_bay,8584,1.33799,0.496713
linear_interp,odo_pct,biscayne_bay,5248,12.6444,8.98644
linear_interp,turbidity_fnu,biscayne_bay,5380,15.5611,3.56768
linear_interp,temp_c,consolidated_crest5,5279,0.0315978,0.0196626
linear_interp,sal_ppt,consolidated_crest5,5275,0.141626,0.0919395
linear_interp,odo_mgL,consolidated_crest5,5246,0.104724,0.059024
linear_interp,odo_pct,consolidated_crest5,5183,1.67456,0.936275
linear_interp,turbidity_fnu,consolidated_crest5,5261,55.4433,1.28974
climatology,temp_c,ALL,36185,12.9773,8.41887
climatology,sal_ppt,ALL,36540,13.119,8.94494
climatology,odo_mgL,ALL,36190,1.9841,1.49841
climatology,odo_pct,ALL,30154,38.0889,29.7177
climatology,turbidity_fnu,ALL,26685,175.783,95.7765
climatology,temp_c,raw-data-platformL0_parameters,5274,1.59251,1.45857
climatology,sal_ppt,raw-data-platformL0_parameters,5203,2.61901,2.12518
climatology,odo_mgL,raw-data-platformL0_parameters,5204,1.32847,1.23049
climatology,odo_pct,raw-data-platformL0_parameters,5255,23.2961,21.9526
climatology,turbidity_fnu,raw-data-platformL0_parameters,5286,365.023,358.028
climatology,temp_c,raw-data-platformL1_parameters,7358,3.40651,3.0868
climatology,sal_ppt,raw-data-platformL1_parameters,7293,0.347952,0.247271
climatology,odo_mgL,raw-data-platformL1_parameters,7122,1.57581,1.22032
climatology,odo_pct,raw-data-platformL1_parameters,4513,21.1831,17.1117
climatology,turbidity_fnu,raw-data-platformL1_parameters,728,4.17509,3.29318
climatology,temp_c,raw-data-platformL2_parameters,4314,3.32122,3.17126
climatology,sal_ppt,raw-data-platformL2_parameters,4774,11.0063,9.83491
climatology,odo_mgL,raw-data-platformL2_parameters,4752,0.99564,0.829425
climatology,odo_pct,raw-data-platformL2_parameters,4806,16.1973,13.6009
climatology,turbidity_fnu,raw-data-platformL2_parameters,4757,55.2377,52.0255
climatology,temp_c,raw-data-platformL7_parameters,5236,5.16911,5.03667
climatology,sal_ppt,raw-data-platformL7_parameters,5232,7.04003,5.07723
climatology,odo_mgL,raw-data-platformL7_parameters,5282,0.850023,0.702297
climatology,odo_pct,raw-data-platformL7_parameters,5149,15.8302,13.2826
climatology,turbidity_fnu,raw-data-platformL7_parameters,5273,17.2218,12.6498
climatology,temp_c,biscayne_bay,8724,8.88675,8.01453
climatology,sal_ppt,biscayne_bay,8763,18.3081,14.4438
climatology,odo_mgL,biscayne_bay,8584,2.31769,1.7877
climatology,odo_pct,biscayne_bay,5248,66.3893,63.7299
climatology,turbidity_fnu,biscayne_bay,5380,19.1306,9.55616
climatology,temp_c,consolidated_crest5,5279,31.1391,31.1157
climatology,sal_ppt,consolidated_crest5,5275,21.6714,21.5926
climatology,odo_mgL,consolidated_crest5,5246,3.40886,3.07592
climatology,odo_pct,consolidated_crest5,5183,50.4414,45.3999
climatology,turbidity_fnu,consolidated_crest5,5261,139.369,56.1228
spatial_mean,temp_c,ALL,33614,2.93042,1.33867
spatial_mean,sal_ppt,ALL,34029,17.201,14.1984
spatial_mean,odo_mgL,ALL,33698,1.84584,1.38923
spatial_mean,odo_pct,ALL,30026,26.6197,21.9037
spatial_mean,turbidity_fnu,ALL,26452,76.5595,23.6884
spatial_mean,temp_c,raw-data-platformL0_parameters,5251,2.04948,1.03489
spatial_mean,sal_ppt,raw-data-platformL0_parameters,5180,21.8686,21.381
spatial_mean,odo_mgL,raw-data-platformL0_parameters,5187,2.1082,1.97177
spatial_mean,odo_pct,raw-data-platformL0_parameters,5231,40.2272,38.6316
spatial_mean,turbidity_fnu,raw-data-platformL0_parameters,5238,83.2824,19.4905
spatial_mean,temp_c,raw-data-platformL1_parameters,6486,1.75458,1.00341
spatial_mean,sal_ppt,raw-data-platformL1_parameters,6469,23.4545,22.0619
spatial_mean,odo_mgL,raw-data-platformL1_parameters,6304,1.68045,1.26753
spatial_mean,odo_pct,raw-data-platformL1_parameters,4497,21.5577,17.437
spatial_mean,turbidity_fnu,raw-data-platformL1_parameters,724,36.7069,20.2253
spatial_mean,temp_c,raw-data-platformL2_parameters,4304,1.66423,1.15189
spatial_mean,sal_ppt,raw-data-platformL2_parameters,4764,11.6178,9.99051
spatial_mean,odo_mgL,raw-data-platformL2_parameters,4741,1.41534,1.10305
spatial_mean,odo_pct,raw-data-platformL2_parameters,4790,21.8675,18.2521
spatial_mean,turbidity_fnu,raw-data-platformL2_parameters,4721,33.569,15.2922
spatial_mean,temp_c,raw-data-platformL7_parameters,5213,1.8898,0.865621
spatial_mean,sal_ppt,raw-data-platformL7_parameters,5209,8.26324,6.27122
spatial_mean,odo_mgL,raw-data-platformL7_parameters,5265,1.09599,0.807438
spatial_mean,odo_pct,raw-data-platformL7_parameters,5125,15.3462,12.0389
spatial_mean,turbidity_fnu,raw-data-platformL7_parameters,5225,29.2713,14.1528
spatial_mean,temp_c,biscayne_bay,7104,5.24254,2.57573
spatial_mean,sal_ppt,biscayne_bay,7155,18.9972,15.0733
spatial_mean,odo_mgL,biscayne_bay,6972,2.20201,1.30999
spatial_mean,odo_pct,biscayne_bay,5224,19.6679,15.7808
spatial_mean,turbidity_fnu,biscayne_bay,5331,41.2844,16.2852
spatial_mean,temp_c,consolidated_crest5,5256,1.99147,1.00602
spatial_mean,sal_ppt,consolidated_crest5,5252,9.27153,7.91576
spatial_mean,odo_mgL,consolidated_crest5,5229,2.15706,1.909
spatial_mean,odo_pct,consolidated_crest5,5159,31.7589,28.2261
spatial_mean,turbidity_fnu,consolidated_crest5,5213,137.707,53.1197
gnn,temp_c,ALL,36185,2.10119,0.987638
gnn,sal_ppt,ALL,36540,5.12521,4.12651
gnn,odo_mgL,ALL,36190,0.879442,0.430626
gnn,odo_pct,ALL,30154,8.76788,6.1313
gnn,turbidity_fnu,ALL,26685,66.1677,15.5822
gnn,temp_c,raw-data-platformL0_parameters,5274,0.678672,0.513762
gnn,sal_ppt,raw-data-platformL0_parameters,5203,4.76899,4.22609
gnn,odo_mgL,raw-data-platformL0_parameters,5204,0.51635,0.44557
gnn,odo_pct,raw-data-platformL0_parameters,5255,6.79726,5.66425
gnn,turbidity_fnu,raw-data-platformL0_parameters,5286,73.4204,5.82464
gnn,temp_c,raw-data-platformL1_parameters,7358,0.570122,0.451075
gnn,sal_ppt,raw-data-platformL1_parameters,7293,5.20359,4.30564
gnn,odo_mgL,raw-data-platformL1_parameters,7122,0.320354,0.241502
gnn,odo_pct,raw-data-platformL1_parameters,4513,5.06382,4.05068
gnn,turbidity_fnu,raw-data-platformL1_parameters,728,6.76849,2.34105
gnn,temp_c,raw-data-platformL2_parameters,4314,0.64187,0.51161
gnn,sal_ppt,raw-data-platformL2_parameters,4774,6.41258,5.5459
gnn,odo_mgL,raw-data-platformL2_parameters,4752,0.284061,0.214954
gnn,odo_pct,raw-data-platformL2_parameters,4806,4.81164,3.77382
gnn,turbidity_fnu,raw-data-platformL2_parameters,4757,18.4065,8.68668
gnn,temp_c,raw-data-platformL7_parameters,5236,0.734894,0.575799
gnn,sal_ppt,raw-data-platformL7_parameters,5232,3.21757,2.51264
gnn,odo_mgL,raw-data-platformL7_parameters,5282,0.726328,0.635309
gnn,odo_pct,raw-data-platformL7_parameters,5149,10.7338,9.52499
gnn,turbidity_fnu,raw-data-platformL7_parameters,5273,13.3768,8.56669
gnn,temp_c,biscayne_bay,8724,4.03709,2.17849
gnn,sal_ppt,biscayne_bay,8763,5.99097,4.73732
gnn,odo_mgL,biscayne_bay,8584,1.5741,0.570817
gnn,odo_pct,biscayne_bay,5248,14.076,8.64095
gnn,turbidity_fnu,biscayne_bay,5380,22.3328,11.6379
gnn,temp_c,consolidated_crest5,5279,1.24224,1.03845
gnn,sal_ppt,consolidated_crest5,5275,3.8704,3.08203
gnn,odo_mgL,consolidated_crest5,5246,0.522489,0.432439
gnn,odo_pct,consolidated_crest5,5183,6.44473,4.68994
gnn,turbidity_fnu,consolidated_crest5,5261,125.654,44.5186
