file,feature,lower_bound,upper_bound,n_values,n_observed,n_imputed,n_invalid,n_invalid_imputed,min,max
biscayne_bay_imputed.csv,temp_c,-5,45,146421,47513,98908,12,0,1,8009.9
biscayne_bay_imputed.csv,sal_ppt,0,45,146421,47513,98908,2,0,0.012,196
biscayne_bay_imputed.csv,odo_mgL,0,20,146421,47513,98908,481,0,-26,85
biscayne_bay_imputed.csv,depth_m,0,100,146421,0,146421,0,0,7.08131,10.9346
biscayne_bay_imputed.csv,pressure_psia,0,200,146421,0,146421,0,0,10.2815,16.4249
biscayne_bay_imputed.csv,odo_pct,0,200,146421,17566,128855,2,0,0,313
biscayne_bay_imputed.csv,spec_cond_uScm,0,100000,146421,0,146421,0,0,13079.4,54044.5
biscayne_bay_imputed.csv,turbidity_fnu,0,10000,146421,17566,128855,0,0,0,1748.97
consolidated_crest5_imputed.csv,temp_c,-5,45,146421,17566,128855,0,0,26.8315,35.7427
consolidated_crest5_imputed.csv,sal_ppt,0,45,146421,17566,128855,0,0,13.0045,26.614
consolidated_crest5_imputed.csv,odo_mgL,0,20,146421,17566,128855,0,0,0,20
consolidated_crest5_imputed.csv,depth_m,0,100,146421,0,146421,0,0,6.95672,10.8627
consolidated_crest5_imputed.csv,pressure_psia,0,200,146421,0,146421,0,0,9.08036,17.578
consolidated_crest5_imputed.csv,odo_pct,0,200,146421,17566,128855,0,0,0,200
consolidated_crest5_imputed.csv,spec_cond_uScm,0,100000,146421,0,146421,0,0,16609.6,43400.9
consolidated_crest5_imputed.csv,turbidity_fnu,0,10000,146421,17566,128855,0,0,0,8028.37
raw-data-platformL0_parameters_imputed.csv,temp_c,-5,45,146421,52531,93890,0,0,23.14,33.8999
raw-data-platformL0_parameters_imputed.csv,sal_ppt,0,45,146421,52546,93875,0,0,0,36.79
raw-data-platformL0_parameters_imputed.csv,odo_mgL,0,20,146421,52546,93875,0,0,0,20
raw-data-platformL0_parameters_imputed.csv,depth_m,0,100,146421,34988,111433,0,0,0,10.9209
raw-data-platformL0_parameters_imputed.csv,pressure_psia,0,200,146421,34988,111433,0,0,0,15.7995
raw-data-platformL0_parameters_imputed.csv,odo_pct,0,200,146421,52546,93875,0,0,0,200
raw-data-platformL0_parameters_imputed.csv,spec_cond_uScm,0,100000,146421,34988,111433,0,0,0.1875,55567.8
raw-data-platformL0_parameters_imputed.csv,turbidity_fnu,0,10000,146421,52546,93875,3654,0,-1.05,3513.77
raw-data-platformL1_parameters_imputed.csv,temp_c,-5,45,146421,99176,47245,0,0,17.052,33.597
raw-data-platformL1_parameters_imputed.csv,sal_ppt,0,45,146421,99176,47245,0,0,0,16.7472
raw-data-platformL1_parameters_imputed.csv,odo_mgL,0,20,146421,99176,47245,1785,0,-1.39251e+07,3.72933e+07
raw-data-platformL1_parameters_imputed.csv,depth_m,0,100,146421,46375,100046,705,0,-5.191,11.695
raw-data-platformL1_parameters_imputed.csv,pressure_psia,0,200,146421,46375,100046,699,0,-7.36,16.56
raw-data-platformL1_parameters_imputed.csv,odo_pct,0,200,146421,61452,84969,1796,0,-1.76445e+08,4.73864e+08
raw-data-platformL1_parameters_imputed.csv,spec_cond_uScm,0,100000,146421,46375,100046,0,0,0.51,26823.1
raw-data-platformL1_parameters_imputed.csv,turbidity_fnu,0,10000,146421,61452,84969,39533,0,-1.27,2056.64
raw-data-platformL2_parameters_imputed.csv,temp_c,-5,45,146421,100553,45868,0,0,18.816,35.236
raw-data-platformL2_parameters_imputed.csv,sal_ppt,0,45,146421,101715,44706,587,0,0,127.86
raw-data-platformL2_parameters_imputed.csv,odo_mgL,0,20,146421,101715,44706,0,0,0,20
raw-data-platformL2_parameters_imputed.csv,depth_m,0,100,146421,74348,72073,29,0,-2.6185,11.728
raw-data-platformL2_parameters_imputed.csv,pressure_psia,0,200,146421,74348,72073,13,0,-3.65,16.62
raw-data-platformL2_parameters_imputed.csv,odo_pct,0,200,146421,90143,56278,1,0,0,294.118
raw-data-platformL2_parameters_imputed.csv,spec_cond_uScm,0,100000,146421,74348,72073,126,0,-0.81,158011
raw-data-platformL2_parameters_imputed.csv,turbidity_fnu,0,10000,146421,90143,56278,1502,0,-0.355,10115.2
raw-data-platformL6_parameters_imputed.csv,temp_c,-5,45,146421,19216,127205,0,0,11.642,33.695
raw-data-platformL6_parameters_imputed.csv,sal_ppt,0,45,146421,19216,127205,0,0,0,42.25
raw-data-platformL6_parameters_imputed.csv,odo_mgL,0,20,146421,19216,127205,0,0,0,20
raw-data-platformL6_parameters_imputed.csv,depth_m,0,100,146421,13297,133124,571,0,-10.14,11.242
raw-data-platformL6_parameters_imputed.csv,pressure_psia,0,200,146421,13297,133124,567,0,-14.72,16.33
raw-data-platformL6_parameters_imputed.csv,odo_pct,0,200,146421,13297,133124,0,0,0,200
raw-data-platformL6_parameters_imputed.csv,spec_cond_uScm,0,100000,146421,13297,133124,0,0,51.34,54552.3
raw-data-platformL6_parameters_imputed.csv,turbidity_fnu,0,10000,146421,13297,133124,6,0,-0.16,4201.24
raw-data-platformL7_parameters_imputed.csv,temp_c,-5,45,146421,28554,117867,0,0,22.048,32.758
raw-data-platformL7_parameters_imputed.csv,sal_ppt,0,45,146421,28556,117865,0,0,0.02,28.3671
raw-data-platformL7_parameters_imputed.csv,odo_mgL,0,20,146421,28556,117865,0,0,0,20
raw-data-platformL7_parameters_imputed.csv,depth_m,0,100,146421,10995,135426,2348,0,-10.23,8.58398
raw-data-platformL7_parameters_imputed.csv,pressure_psia,0,200,146421,10995,135426,2273,0,-14.71,12.2887
raw-data-platformL7_parameters_imputed.csv,odo_pct,0,200,146421,28556,117865,0,0,0,200
raw-data-platformL7_parameters_imputed.csv,spec_cond_uScm,0,100000,146421,10995,135426,0,0,40.49,43970.9
raw-data-platformL7_parameters_imputed.csv,turbidity_fnu,0,10000,146421,28556,117865,12,0,0,18272.9
