,Net Water (Rain−PET),Air Temp Min,Air Temp Max,Water Temp,Salinity,ODO (mg/L),Depth,Pressure,ODO (%Sat),Spec. Cond.,Turbidity
Net Water (Rain−PET),0.0000,0.0000,0.0000,-0.0198,-0.1026,0.0191,0.0681,0.0569,-0.0489,-0.0847,0.0110
Air Temp Min,0.0000,0.0000,0.0000,0.2314,0.0623,0.0660,-0.0539,-0.1070,0.0539,0.0870,-0.0189
Air Temp Max,0.0000,0.0000,0.0000,0.2358,-0.0008,0.0868,0.1964,0.1919,0.0186,0.0201,-0.0559
Water Temp,0.0000,0.0000,0.0000,1.0000,-0.1087,-0.1649,0.0141,-0.0276,0.0920,-0.0171,0.1020
Salinity,0.0000,0.0000,0.0000,-0.0671,0.6970,-0.0062,0.0654,0.0771,0.1129,0.3595,0.0700
ODO (mg/L),0.0000,0.0000,0.0000,-0.1630,0.0756,0.8621,0.0481,0.0114,0.5114,0.0919,-0.0479
Depth,0.0000,0.0000,0.0000,-0.0269,0.0145,0.0370,0.6303,0.6191,-0.0163,-0.0449,-0.0018
Pressure,0.0000,0.0000,0.0000,-0.0532,0.0100,-0.0024,0.6360,0.6980,-0.0054,-0.0300,0.0353
ODO (%Sat),0.0000,0.0000,0.0000,0.1318,0.1891,0.4186,-0.0324,-0.0258,0.6785,0.0530,0.0290
Spec. Cond.,0.0000,0.0000,0.0000,0.0099,0.4393,0.0975,-0.0652,-0.0396,0.0640,0.8797,-0.0325
Turbidity,0.0000,0.0000,0.0000,0.0684,0.0034,-0.0346,0.0836,0.1173,0.0115,-0.0492,0.7621
