,Net Water (Rain−PET),Air Temp Min,Air Temp Max,Water Temp,Salinity,ODO (mg/L),Depth,Pressure,ODO (%Sat),Spec. Cond.,Turbidity,pH,Chlorophyll-a,Secchi Depth,NO₂+NO₃,DIN
Net Water (Rain−PET),0.0000,0.0000,0.0000,0.2095,-0.0650,-0.1350,0.0000,0.0000,-0.0522,0.0027,0.0000,-0.0491,0.3942,-0.0506,0.3905,0.1317
Air Temp Min,0.0000,0.0000,0.0000,0.3103,0.0904,0.0226,0.0000,0.0000,0.0220,0.0259,0.0000,0.1118,0.0986,-0.0410,0.2078,0.1363
Air Temp Max,0.0000,0.0000,0.0000,0.4504,0.1268,0.0567,0.0000,0.0000,0.1301,0.1542,0.0000,0.0955,0.1829,0.2000,0.0288,0.0932
Water Temp,0.0000,0.0000,0.0000,0.9626,-0.0439,-0.2319,0.0000,0.0000,0.0051,-0.0505,0.0000,0.1342,0.3849,0.4186,0.3278,0.4512
Salinity,0.0000,0.0000,0.0000,-0.0675,0.6933,0.3938,0.0000,0.0000,0.4316,0.6728,0.0000,0.0580,0.2410,-0.0692,0.1179,0.1358
ODO (mg/L),0.0000,0.0000,0.0000,0.0622,0.3777,0.5414,0.0000,0.0000,0.5025,0.4129,0.0000,0.3134,-0.1430,0.0866,-0.0746,-0.1446
Depth,0.0000,0.0000,0.0000,0.0174,-0.0683,0.0578,0.0000,0.0000,-0.0014,-0.0850,0.0000,0.2685,0.1130,0.0544,0.0170,0.0409
Pressure,0.0000,0.0000,0.0000,-0.0297,-0.0978,0.0245,0.0000,0.0000,-0.0379,-0.1284,0.0000,0.2177,0.1203,0.0378,0.0035,0.0183
ODO (%Sat),0.0000,0.0000,0.0000,0.1419,0.4676,0.4468,0.0000,0.0000,0.5510,0.4709,0.0000,-0.0332,-0.1872,0.1633,-0.0792,-0.1188
Spec. Cond.,0.0000,0.0000,0.0000,-0.0023,0.6433,0.5122,0.0000,0.0000,0.5130,0.5683,0.0000,0.1481,0.2601,0.0585,0.2464,0.3684
Turbidity,0.0000,0.0000,0.0000,0.0048,-0.2167,-0.1048,0.0000,0.0000,-0.1295,-0.2538,0.0000,0.0644,0.0572,-0.0793,-0.0854,-0.1136
pH,0.0000,0.0000,0.0000,0.3609,0.0610,0.1032,0.0000,0.0000,0.0010,0.1754,0.0000,1.0000,0.4933,0.1918,-0.0431,-0.0466
Chlorophyll-a,0.0000,0.0000,0.0000,0.0325,-0.0576,0.0782,0.0000,0.0000,-0.0052,-0.0281,0.0000,0.1629,0.2482,0.4500,-0.0673,-0.0258
Secchi Depth,0.0000,0.0000,0.0000,0.2323,0.1275,0.0471,0.0000,0.0000,0.0387,0.0116,0.0000,0.0141,-0.1558,0.4466,-0.0437,0.0985
NO₂+NO₃,0.0000,0.0000,0.0000,-0.2321,0.1130,0.1964,0.0000,0.0000,0.1117,0.2059,0.0000,0.1997,0.3781,-0.2784,0.4588,0.3565
DIN,0.0000,0.0000,0.0000,-0.2880,0.2880,0.2319,0.0000,0.0000,0.1464,0.3490,0.0000,0.0294,-0.0751,-0.2552,0.1676,0.5978
